"The Day Ahead Auction prices for the following bidding zones is published without any change under the CC BY 4.0 (creativecommons.org/licenses/by/4.0) license with the source Bundesnetzagentur | SMARD.de: AT, BE, CH, CZ, DE-LU, DE-AT-LU, DK1, DK2, FR, HU, IT-NORTH, NL, NO2, PL, SE4, SI",,,,
Date (UTC),Nuclear,Non-Renewable,Renewable,Day Ahead Auction (NL)
,Power (MW),Power (MW),Power (MW),"Price (EUR/MWh, EUR/tCO2)"
2025-04-30T22:00+00:00,470.555,8907.66625,1177.52625,92.95
2025-04-30T23:00+00:00,470.595,8309.36125,1078.23875,87.45
2025-05-01T00:00+00:00,470.7125,7900.4225,929.6775,85.93
2025-05-01T01:00+00:00,470.635,7854.2975,723.4825,86.64
2025-05-01T02:00+00:00,470.75,7753.58875,633.03125,85.9
2025-05-01T03:00+00:00,470.705,7681.105,641.18,80.7
2025-05-01T04:00+00:00,470.685,7765.73625,639.89375,87.25
2025-05-01T05:00+00:00,470.575,8291.3225,707.335,87.41
2025-05-01T06:00+00:00,470.4425,8263.88375,758.19375,85.18
2025-05-01T07:00+00:00,470.4,9346.1975,742.325,0
2025-05-01T08:00+00:00,470.3225,11021.75375,623.63375,-3
2025-05-01T09:00+00:00,472.76,12454.2075,436.2375,-40.1
2025-05-01T10:00+00:00,472.725,12660.72625,368.57875,-108.07
2025-05-01T11:00+00:00,470.025,12759.0125,345.315,-142.42
2025-05-01T12:00+00:00,470.015,12489.34125,337.80375,-118.1
2025-05-01T13:00+00:00,470.17,12200.91,399.11,-49.99
2025-05-01T14:00+00:00,470.24,10731.265,408.89,-5.17
2025-05-01T15:00+00:00,470.16,10172.94875,593.87125,46.24
2025-05-01T16:00+00:00,470.125,10507.4275,492.8625,96.17
2025-05-01T17:00+00:00,470.0575,10030.1925,377.985,129.87
2025-05-01T18:00+00:00,470.0225,9622.8225,292.365,165.08
2025-05-01T19:00+00:00,470.1075,9146.61375,289.47375,126.7
2025-05-01T20:00+00:00,469.98,8649.39125,314.07375,104.86
2025-05-01T21:00+00:00,469.9825,7671.2575,348.975,90.89
2025-05-01T22:00+00:00,469.9675,6025.035,384.2575,96
2025-05-01T23:00+00:00,470.0125,4620.2525,484.7925,92.2
2025-05-02T00:00+00:00,470.04,3685.08375,544.02875,82
2025-05-02T01:00+00:00,470.0725,3201.96625,616.17875,71.54
2025-05-02T02:00+00:00,470.1575,3282.535,801.2275,68.68
2025-05-02T03:00+00:00,470.2625,3808.58625,1112.57375,70
2025-05-02T04:00+00:00,470.1575,4462.25375,1118.34375,88.4
2025-05-02T05:00+00:00,470.2475,6113.7375,988.52,102.9
2025-05-02T06:00+00:00,471.52,8030.80375,665.42875,93.75
2025-05-02T07:00+00:00,474.56,8731.99,637.75,76.39
2025-05-02T08:00+00:00,474.96,9503.74,784.52,0.85
2025-05-02T09:00+00:00,474.8075,10275.31375,1079.88125,-0.01
2025-05-02T10:00+00:00,473.9725,10957.2175,1025.335,-0.8
2025-05-02T11:00+00:00,473.9425,11500.91625,1038.95875,-3
2025-05-02T12:00+00:00,473.9375,11910.16125,1208.04125,-4
2025-05-02T13:00+00:00,474.02,12786.305,1558.355,-0.08
2025-05-02T14:00+00:00,474.1425,11920.23625,1662.85125,0.3
2025-05-02T15:00+00:00,474.5675,10311.15625,1511.56125,61.44
2025-05-02T16:00+00:00,474.465,11099.1475,1255.8125,95.18
2025-05-02T17:00+00:00,474.4625,10627.6125,1250.055,107.98
2025-05-02T18:00+00:00,474.4725,9991.7825,1467.055,140.35
2025-05-02T19:00+00:00,474.44,9955.475,1715.68,117.73
2025-05-02T20:00+00:00,474.375,9033.27,1880.1925,103.26
2025-05-02T21:00+00:00,474.33,8150.33875,1977.96625,92.8
2025-05-02T22:00+00:00,474.2925,6600.9375,1687.435,93.74
2025-05-02T23:00+00:00,474.355,6154.57,1427.695,89
2025-05-03T00:00+00:00,474.3425,5899.00375,1274.26625,88.72
2025-05-03T01:00+00:00,474.52,5826.82375,1068.00625,92.45
2025-05-03T02:00+00:00,474.5375,5865.815,1008.77,95.44
2025-05-03T03:00+00:00,474.44,6068.42875,856.96875,97.2
2025-05-03T04:00+00:00,474.505,6106.70125,620.66875,101.64
2025-05-03T05:00+00:00,474.4775,6698.08,543.2325,97.36
2025-05-03T06:00+00:00,474.5,7025.645,574.4525,85.86
2025-05-03T07:00+00:00,477.025,8909.46625,653.95875,13.53
2025-05-03T08:00+00:00,478.24,11408.1075,760.5775,0.01
2025-05-03T09:00+00:00,478.12,13585.32375,782.84375,-0.01
2025-05-03T10:00+00:00,478.23,14406.96,801.5375,-1.16
2025-05-03T11:00+00:00,477.92,14393.6175,935.2925,-3.04
2025-05-03T12:00+00:00,477.955,13410.35125,1120.08125,-2.69
2025-05-03T13:00+00:00,478.03,12617.7025,1455.985,-0.03
2025-05-03T14:00+00:00,478.045,11193.115,2278.735,0
2025-05-03T15:00+00:00,478.0825,9437.33125,3662.73625,26.91
2025-05-03T16:00+00:00,478.1275,7634.77125,5092.84375,60.1
2025-05-03T17:00+00:00,478.1975,6298.6075,5561.925,74.22
2025-05-03T18:00+00:00,478.1975,5733.615,5874.925,86.28
2025-05-03T19:00+00:00,478.3125,5278.8925,5707.95,85.37
2025-05-03T20:00+00:00,478.1375,4825.4325,5636.485,92.95
2025-05-03T21:00+00:00,478.12,4239.04625,5279.08625,86
2025-05-03T22:00+00:00,478.29,3398.9225,4559.31,59.95
2025-05-03T23:00+00:00,478.2625,2880.97375,4040.11875,44.9
2025-05-04T00:00+00:00,478.275,2702.82125,4084.88625,33.4
2025-05-04T01:00+00:00,478.2925,2570.5425,4010.9325,21.61
2025-05-04T02:00+00:00,478.355,2667.235,3960.92,20.02
2025-05-04T03:00+00:00,478.3475,2827.87875,4363.54125,15.58
2025-05-04T04:00+00:00,478.3975,2797.9275,3968.345,13.62
2025-05-04T05:00+00:00,478.57,3810.85375,3841.23375,7.83
2025-05-04T06:00+00:00,478.365,5259.77625,3662.76125,2.93
2025-05-04T07:00+00:00,478.4125,6730.9325,2791.65,0
2025-05-04T08:00+00:00,478.3325,8278.4075,2879.6825,-0.01
2025-05-04T09:00+00:00,478.2725,9256.9475,2480.905,-0.01
2025-05-04T10:00+00:00,478.205,9720.52125,2535.50875,-0.02
2025-05-04T11:00+00:00,478.12,10097.24125,2605.20125,-2
2025-05-04T12:00+00:00,478.225,10352.79,2730.9675,-5.01
2025-05-04T13:00+00:00,478.235,9932.875,2696.8875,-1.59
2025-05-04T14:00+00:00,478.4,8983.07125,3192.69875,-0.01
2025-05-04T15:00+00:00,478.2425,8027.03625,3847.52625,8.94
2025-05-04T16:00+00:00,478.3175,7341.8675,3936.085,73.24
2025-05-04T17:00+00:00,478.31,7427.11375,3689.34375,90
2025-05-04T18:00+00:00,478.49,6909.20625,3325.74875,104.97
2025-05-04T19:00+00:00,478.835,6630.35,3103.665,118.2
2025-05-04T20:00+00:00,478.805,5866.675,2910.3175,104.79
2025-05-04T21:00+00:00,478.77,5046.6975,2696.8775,84.36
2025-05-04T22:00+00:00,478.7325,4281.9925,2720.03,83.55
2025-05-04T23:00+00:00,478.8575,4068.99625,2382.90875,70.71
2025-05-05T00:00+00:00,478.695,4253.895,1950.3075,81.6
2025-05-05T01:00+00:00,478.6975,4483.21,1639.41,85.61
2025-05-05T02:00+00:00,478.735,4784.395,1418.35,82
2025-05-05T03:00+00:00,478.75,5635.60375,1370.33375,89.8
2025-05-05T04:00+00:00,478.8025,7528.02875,1441.16125,117.14
2025-05-05T05:00+00:00,478.8425,9169.875,1587.3275,116.95
2025-05-05T06:00+00:00,478.8775,10605.31125,2162.05125,99.5
2025-05-05T07:00+00:00,478.835,11305.98125,2779.00625,80.93
2025-05-05T08:00+00:00,478.99,12632.05375,3871.60125,70.13
2025-05-05T09:00+00:00,478.8125,13038.24125,3915.49875,53.87
2025-05-05T10:00+00:00,479.0825,13814.13875,3533.38125,4.9
2025-05-05T11:00+00:00,479.2025,13883.08125,3908.17625,-2
2025-05-05T12:00+00:00,479.19,13419.88875,4591.59375,-2
2025-05-05T13:00+00:00,479.1375,12702.86875,5052.59625,-1.6
2025-05-05T14:00+00:00,479.135,11645.20875,5575.27875,1
2025-05-05T15:00+00:00,479.1675,11151.84375,5662.06375,76.56
2025-05-05T16:00+00:00,479.1725,11177.31375,5829.63375,86.53
2025-05-05T17:00+00:00,479.15,10158.49375,5673.54625,111.55
2025-05-05T18:00+00:00,479.0925,8714.53625,5409.43125,100
2025-05-05T19:00+00:00,479.0975,8285.85625,5136.22875,119
2025-05-05T20:00+00:00,479.1325,7799.52,4806.65,103.13
2025-05-05T21:00+00:00,479.1075,7115.15375,4495.04375,89.43
2025-05-05T22:00+00:00,479.1525,6337.77,4154.5325,82.46
2025-05-05T23:00+00:00,479.2575,6132.5075,3666.4725,81.41
2025-05-06T00:00+00:00,479.2375,5929.7825,3289.5675,86
2025-05-06T01:00+00:00,479.1975,6214.20875,3004.78625,84.86
2025-05-06T02:00+00:00,479.36,6875.095,2837.29,82.19
2025-05-06T03:00+00:00,479.245,7793.61,2610.32,91.66
2025-05-06T04:00+00:00,479.22,8378.74875,2504.00375,110.2
2025-05-06T05:00+00:00,479.2225,9937.27375,2086.97125,125.38
2025-05-06T06:00+00:00,479.2225,11260.66875,1983.86375,106.75
2025-05-06T07:00+00:00,479.38,10287.51875,1698.11625,92
2025-05-06T08:00+00:00,479.41,10931.71375,1864.54875,66
2025-05-06T09:00+00:00,479.325,11281.45625,1780.28125,52.13
2025-05-06T10:00+00:00,479.6375,11049.3275,1792.81,37.34
2025-05-06T11:00+00:00,480.5175,11062.40375,1866.73375,32.16
2025-05-06T12:00+00:00,480.3325,10340.86375,2172.29875,38.77
2025-05-06T13:00+00:00,480.3175,9651.00375,3178.33625,56.24
2025-05-06T14:00+00:00,480.3225,9033.2,3764.9925,63.82
2025-05-06T15:00+00:00,480.3125,8885.2825,4172.02,78.58
2025-05-06T16:00+00:00,480.2025,9800.0625,4325.395,93.34
2025-05-06T17:00+00:00,479.7025,10469.1375,4098.2225,123.55
2025-05-06T18:00+00:00,479.9025,10095.435,3693.5625,167.69
2025-05-06T19:00+00:00,480.2175,9725.255,3629.045,140.1
2025-05-06T20:00+00:00,480.74,9231.205,3495.48,122.8
2025-05-06T21:00+00:00,480.465,8496.20625,3243.65875,102.04
2025-05-06T22:00+00:00,456.645,8002.785,2842.0875,88.2
2025-05-06T23:00+00:00,217.61,7550.70875,2434.60875,82.64
2025-05-07T00:00+00:00,74.6575,7541.8975,2105.265,81.78
2025-05-07T01:00+00:00,,7304.1175,2256.345,85.33
2025-05-07T02:00+00:00,,7278.33375,2254.59875,97.27
2025-05-07T03:00+00:00,,7873.58125,2171.78125,112.5
2025-05-07T04:00+00:00,,8755.45,2223.585,137.52
2025-05-07T05:00+00:00,,9734.68875,2182.78875,143.95
2025-05-07T06:00+00:00,,11202.21625,2201.60625,130.16
2025-05-07T07:00+00:00,,11672.15,2136.2325,96.86
2025-05-07T08:00+00:00,,11670.17625,2030.32625,78.61
2025-05-07T09:00+00:00,,12544.98625,1728.71625,66.36
2025-05-07T10:00+00:00,,14547.385,1688.4825,57.2
2025-05-07T11:00+00:00,,14399.18,1956.8,56.38
2025-05-07T12:00+00:00,,14301.8825,2055.18,59.9
2025-05-07T13:00+00:00,,13913.38125,2477.78875,66.84
2025-05-07T14:00+00:00,,12842.965,3167.8725,72.96
2025-05-07T15:00+00:00,,11818.32625,3785.65375,84.7
2025-05-07T16:00+00:00,,11759.975,4056.4825,99.92
2025-05-07T17:00+00:00,,11071.72875,3840.21875,119.57
2025-05-07T18:00+00:00,,10052.74375,3653.59125,151
2025-05-07T19:00+00:00,,9479.0175,3650.9725,127.04
2025-05-07T20:00+00:00,,9062.64875,3881.90625,105.59
2025-05-07T21:00+00:00,,8827.5875,3849.255,93.11
2025-05-07T22:00+00:00,,8484.78625,3415.30375,91.59
2025-05-07T23:00+00:00,,8026.53625,3309.56375,87.59
2025-05-08T00:00+00:00,,7765.4925,3071.6725,87.4
2025-05-08T01:00+00:00,,7689.04875,2951.15625,88.32
2025-05-08T02:00+00:00,,7800.3025,2573.785,96.09
2025-05-08T03:00+00:00,,8131.93625,2366.92875,108.87
2025-05-08T04:00+00:00,,8944.5625,2311.12,124.06
2025-05-08T05:00+00:00,,9957.35125,2387.68375,138.93
2025-05-08T06:00+00:00,,11765.7275,2292.115,128.39
2025-05-08T07:00+00:00,,12593.01875,2171.36375,96.29
2025-05-08T08:00+00:00,,13028.60375,2078.18875,81.95
2025-05-08T09:00+00:00,,14366.88875,2074.87375,62.99
2025-05-08T10:00+00:00,,14963.8375,1910.47,54.05
2025-05-08T11:00+00:00,,15133.50625,1962.42875,50
2025-05-08T12:00+00:00,,14022.66,2061.745,56
2025-05-08T13:00+00:00,,13065.56375,2360.20375,65.97
2025-05-08T14:00+00:00,,12107.6375,2536.48,75.55
2025-05-08T15:00+00:00,,11629.10125,2931.90125,81.26
2025-05-08T16:00+00:00,,11912.27125,3149.51625,96.76
2025-05-08T17:00+00:00,,11570.765,3146.92,127.2
2025-05-08T18:00+00:00,,11505.9925,3111.77,185.69
2025-05-08T19:00+00:00,,11008.75875,3007.82875,147.87
2025-05-08T20:00+00:00,,10708.96125,2912.19875,110.72
2025-05-08T21:00+00:00,,9932.305,3239.4825,102.39
2025-05-08T22:00+00:00,,9279.53125,3088.32875,103.65
2025-05-08T23:00+00:00,,9198.11125,2718.76375,90.88
2025-05-09T00:00+00:00,,8827.46875,2452.50125,88.33
2025-05-09T01:00+00:00,,8603,2353.2425,89.66
2025-05-09T02:00+00:00,,8526.115,2171.2275,99
2025-05-09T03:00+00:00,,9402.41875,1784.10875,109.07
2025-05-09T04:00+00:00,,10333.2625,1479.9875,141
2025-05-09T05:00+00:00,,11892.54125,1246.41875,137.88
2025-05-09T06:00+00:00,,12922.38375,1165.85125,107.22
2025-05-09T07:00+00:00,,11800.77625,1256.39875,77.53
2025-05-09T08:00+00:00,,13292.72125,1442.83125,46.18
2025-05-09T09:00+00:00,,14660.77875,1361.56625,0.1
2025-05-09T10:00+00:00,,15014.45875,1151.05125,-0.54
2025-05-09T11:00+00:00,,14498.98125,1213.77125,-0.03
2025-05-09T12:00+00:00,,14716.5875,1408.4975,-0.01
2025-05-09T13:00+00:00,,13251.92625,1367.18375,-0.2
2025-05-09T14:00+00:00,,12697.13875,2741.52125,46.01
2025-05-09T15:00+00:00,,11370.44875,4002.00125,70.04
2025-05-09T16:00+00:00,,11661.2775,4272.0525,93.25
2025-05-09T17:00+00:00,,11396.025,4238.0475,119.69
2025-05-09T18:00+00:00,,10632.39375,4147.30375,152.56
2025-05-09T19:00+00:00,,10075.70375,4088.17875,138.83
2025-05-09T20:00+00:00,,9667.40875,3925.64625,112.99
2025-05-09T21:00+00:00,,8527.63125,3906.40375,98.06
2025-05-09T22:00+00:00,,7476.905,3704.4,116
2025-05-09T23:00+00:00,,6741.7825,3397.33,96.92
2025-05-10T00:00+00:00,,6470.28625,3049.13125,92.87
2025-05-10T01:00+00:00,,6341.925,2559.0425,95.7
2025-05-10T02:00+00:00,,6308.49375,2093.25125,101.48
2025-05-10T03:00+00:00,,6409.96375,1789.88625,100.47
2025-05-10T04:00+00:00,,6864.7175,1578.695,97.82
2025-05-10T05:00+00:00,,7770.465,1318.3525,96.48
2025-05-10T06:00+00:00,,8641.10875,1020.30125,74.99
2025-05-10T07:00+00:00,,10401.85125,884.23875,8.29
2025-05-10T08:00+00:00,,11989.65125,626.79125,-0.07
2025-05-10T09:00+00:00,,13079.015,622.1725,-22.91
2025-05-10T10:00+00:00,,13320.36875,537.94375,-70
2025-05-10T11:00+00:00,,13156.40625,639.85125,-127.1
2025-05-10T12:00+00:00,,12853.64125,768.61625,-110.61
2025-05-10T13:00+00:00,,12738.39375,908.97375,-49.5
2025-05-10T14:00+00:00,,11880.81125,1490.79375,-5.91
2025-05-10T15:00+00:00,,10549.47125,2819.72375,20.17
2025-05-10T16:00+00:00,,9955.03375,3390.73625,84
2025-05-10T17:00+00:00,,10489.6475,3666.25,113.2
2025-05-10T18:00+00:00,,9613.0375,3739.0675,145.14
2025-05-10T19:00+00:00,,9320.1025,3767.5925,131.24
2025-05-10T20:00+00:00,,8586.40375,3894.37375,102.4
2025-05-10T21:00+00:00,,7102.62625,3850.89125,89.56
2025-05-10T22:00+00:00,,5487.34,3894.9525,97.8
2025-05-10T23:00+00:00,,4888.7275,4171,89.92
2025-05-11T00:00+00:00,,4036.825,4010.935,90.06
2025-05-11T01:00+00:00,,3862.49125,3569.29125,89.72
2025-05-11T02:00+00:00,,4006.9925,3113.5525,89.49
2025-05-11T03:00+00:00,,3963.195,2683.32,89.46
2025-05-11T04:00+00:00,,3893.805,2384.955,82.34
2025-05-11T05:00+00:00,,5061.035,2278.115,62.22
2025-05-11T06:00+00:00,,7194.27,2001.7125,4.96
2025-05-11T07:00+00:00,,9135.40625,1544.25125,-0.1
2025-05-11T08:00+00:00,,10959.51625,1051.62375,-12.01
2025-05-11T09:00+00:00,,12235.71375,1038.46375,-67.42
2025-05-11T10:00+00:00,,12959.775,933.995,-319.12
2025-05-11T11:00+00:00,,12964.2175,898.84,-350
2025-05-11T12:00+00:00,,12728.29375,864.56875,-299.93
2025-05-11T13:00+00:00,,12027.33125,854.94125,-109.96
2025-05-11T14:00+00:00,,10978.815,1024.9375,-18.45
2025-05-11T15:00+00:00,,9589.9125,1338.3775,-0.12
2025-05-11T16:00+00:00,,8504.125,2040.885,77.01
2025-05-11T17:00+00:00,,8516.54125,2254.73125,111.95
2025-05-11T18:00+00:00,,7449.38,2588.5475,124.86
2025-05-11T19:00+00:00,,6802.67625,3023.29625,115.3
2025-05-11T20:00+00:00,,6601.47,3660.91,98.45
2025-05-11T21:00+00:00,,6238.74,4512.905,84.68
2025-05-11T22:00+00:00,,5003.7975,5020.1925,81.7
2025-05-11T23:00+00:00,,4876.91,4955.62,77.25
2025-05-12T00:00+00:00,,4811.00125,4530.35875,77.02
2025-05-12T01:00+00:00,,5107.23125,4111.29375,77.44
2025-05-12T02:00+00:00,,5217.65125,3639.58375,80.33
2025-05-12T03:00+00:00,,5969.32875,3253.47875,91.15
2025-05-12T04:00+00:00,,7171.6875,3362.2725,123.15
2025-05-12T05:00+00:00,,8923.00375,3088.26125,127.71
2025-05-12T06:00+00:00,,10215.4075,2675.455,106.21
2025-05-12T07:00+00:00,,10947.545,2342.505,62.26
2025-05-12T08:00+00:00,,11869.8025,1675.495,-2
2025-05-12T09:00+00:00,,13318.6225,1872.605,-6.02
2025-05-12T10:00+00:00,,13738.56625,1566.69875,-44.18
2025-05-12T11:00+00:00,,13919.46,1700.475,-56.96
2025-05-12T12:00+00:00,,14072.725,1674.7425,-48.23
2025-05-12T13:00+00:00,,13673.595,1809.8825,-10.89
2025-05-12T14:00+00:00,,12805.30125,2234.85125,-3.72
2025-05-12T15:00+00:00,,12632.6925,3555.585,64.47
2025-05-12T16:00+00:00,,12239.0125,3978.1725,95.57
2025-05-12T17:00+00:00,,11861.20625,4218.64875,130.01
2025-05-12T18:00+00:00,,10914.13375,4269.76375,169.42
2025-05-12T19:00+00:00,,10407.35,3908.2925,117.58
2025-05-12T20:00+00:00,,9397.975,3858.1525,101.14
2025-05-12T21:00+00:00,,7261.08625,4155.74625,90.44
2025-05-12T22:00+00:00,,5665.2575,4450.405,87.18
2025-05-12T23:00+00:00,,5764.8075,3907.275,85
2025-05-13T00:00+00:00,,5847.41375,3408.10625,85.03
2025-05-13T01:00+00:00,,5694.8525,3502.7575,91.12
2025-05-13T02:00+00:00,,6141.75625,3708.61125,93.62
2025-05-13T03:00+00:00,,7682.5625,3425.61,97.93
2025-05-13T04:00+00:00,,9650.34625,3076.51375,130.31
2025-05-13T05:00+00:00,,10757.03375,2728.29875,126.43
2025-05-13T06:00+00:00,,11204.0025,2081.7325,101.9
2025-05-13T07:00+00:00,,11150.9175,1804.2925,75.51
2025-05-13T08:00+00:00,,12975.2525,1579.115,16
2025-05-13T09:00+00:00,,14593.58125,1275.94375,-1.08
2025-05-13T10:00+00:00,,14797.16625,1330.31375,-9.9
2025-05-13T11:00+00:00,,14837.72875,1373.95875,-21.62
2025-05-13T12:00+00:00,,15397.6625,1378.0725,-7.33
2025-05-13T13:00+00:00,,14642.3175,1536.5175,-4.16
2025-05-13T14:00+00:00,,13409.60125,2582.58625,0.1
2025-05-13T15:00+00:00,,11645.805,3305.1775,69.25
2025-05-13T16:00+00:00,,11402.89,3784.2875,97
2025-05-13T17:00+00:00,,11619.51875,3945.78875,124.57
2025-05-13T18:00+00:00,,11295.51375,4070.62625,212.92
2025-05-13T19:00+00:00,,11005.98875,4381.08875,148.37
2025-05-13T20:00+00:00,,10329.50125,4345.31125,112.23
2025-05-13T21:00+00:00,,9267.59625,4167.43625,99.21
2025-05-13T22:00+00:00,,8754.00875,3829.30375,97.48
2025-05-13T23:00+00:00,,8591.925,3028.3625,89.86
2025-05-14T00:00+00:00,,8441.88125,2370.50125,87.78
2025-05-14T01:00+00:00,,8377.15875,1974.19625,88.5
2025-05-14T02:00+00:00,,8448.51875,1618.86625,94.52
2025-05-14T03:00+00:00,,8779.725,1424.1075,102.22
2025-05-14T04:00+00:00,,9722.94,1485.7,128.58
2025-05-14T05:00+00:00,,11112.235,1419.78,122.43
2025-05-14T06:00+00:00,,11030.5875,1504.1325,101.62
2025-05-14T07:00+00:00,,9650.27625,1617.82375,68.17
2025-05-14T08:00+00:00,,11562.98375,1741.66875,0.1
2025-05-14T09:00+00:00,,12162.73125,1365.45125,-2.63
2025-05-14T10:00+00:00,,12934.535,1679.5725,-27.77
2025-05-14T11:00+00:00,,13456.30875,1946.53375,-42.87
2025-05-14T12:00+00:00,,13656.52375,1579.09625,-46
2025-05-14T13:00+00:00,,13281.865,2136.8175,-17.75
2025-05-14T14:00+00:00,,12604.0775,2983.8725,-2
2025-05-14T15:00+00:00,,11490.5025,3847.44,28.79
2025-05-14T16:00+00:00,,10204.87625,4363.38625,84.56
2025-05-14T17:00+00:00,,10783.575,4238.0525,106.71
2025-05-14T18:00+00:00,,10213.11375,4243.39375,162.71
2025-05-14T19:00+00:00,,9559.60875,4184.22625,133.11
2025-05-14T20:00+00:00,22.935,9135.53,4319.65,108.56
2025-05-14T21:00+00:00,96.6825,6885.12875,4206.56875,95.3
2025-05-14T22:00+00:00,96.6525,5477.82875,4083.54875,97.02
2025-05-14T23:00+00:00,96.6225,5096.86375,3966.80875,88
2025-05-15T00:00+00:00,96.5675,5143.155,3710.7425,82.24
2025-05-15T01:00+00:00,96.565,4757.06375,3701.98375,81.67
2025-05-15T02:00+00:00,96.545,4974.12,3641.0825,85.01
2025-05-15T03:00+00:00,108.095,5546.68875,3502.64375,94.83
2025-05-15T04:00+00:00,172.93,6105.985,3605.5375,119.9
2025-05-15T05:00+00:00,227.025,7123.38875,3548.94625,127.85
2025-05-15T06:00+00:00,271.04,8391.32625,2931.36125,112.74
2025-05-15T07:00+00:00,270.9525,9471.7275,2669.2975,94.1
2025-05-15T08:00+00:00,315.66,11055.73,2006.71,8.86
2025-05-15T09:00+00:00,410.655,12280.0825,1042.28,-0.08
2025-05-15T10:00+00:00,461.4625,13255.21,1102.9625,-9.09
2025-05-15T11:00+00:00,472.7325,13229.43625,1518.07375,-30.12
2025-05-15T12:00+00:00,472.7525,13411.07375,1786.11625,-30
2025-05-15T13:00+00:00,472.81,13144.98,2306.285,-18.6
2025-05-15T14:00+00:00,472.955,12700.01875,3165.36625,-2
2025-05-15T15:00+00:00,473.0725,11510.03125,4338.67125,0
2025-05-15T16:00+00:00,472.8725,9513.5025,5222.465,68.91
2025-05-15T17:00+00:00,474.9325,9204.79,5343.945,99.27
2025-05-15T18:00+00:00,475.3,9570.48875,4995.74875,130.74
2025-05-15T19:00+00:00,474.9775,9005.23625,4750.53625,125.13
2025-05-15T20:00+00:00,474.995,8206.9625,4586.945,114.35
2025-05-15T21:00+00:00,474.9975,7059.35625,4314.20125,100.21
2025-05-15T22:00+00:00,474.995,5880.915,3883.075,94.5
2025-05-15T23:00+00:00,475.1175,5540.23125,3175.07125,88.47
2025-05-16T00:00+00:00,475.2025,5316.76375,2493.11875,84.91
2025-05-16T01:00+00:00,475.175,4950.95125,1843.59125,85
2025-05-16T02:00+00:00,475.2025,5002.94,1565.745,88.76
2025-05-16T03:00+00:00,475.315,5639.0275,1500.7925,105.4
2025-05-16T04:00+00:00,475.2725,6585.28375,1587.89875,118.42
2025-05-16T05:00+00:00,475.255,8279.37875,1731.25875,121.17
2025-05-16T06:00+00:00,475.1275,10163.7275,1788.56,111.28
2025-05-16T07:00+00:00,475.1275,10802.9425,1959.1575,70.1
2025-05-16T08:00+00:00,475.155,11712.3125,2181.03,8.17
2025-05-16T09:00+00:00,475.0825,12931.085,2062.27,-0.78
2025-05-16T10:00+00:00,475.685,13290.78625,1835.81875,-3.51
2025-05-16T11:00+00:00,476.735,13179.93875,1799.18375,-9.9
2025-05-16T12:00+00:00,476.295,12945.87125,1989.70125,-20
2025-05-16T13:00+00:00,475.52,12273.86625,2256.36625,-14.91
2025-05-16T14:00+00:00,479.455,10676.45,2883.3,-3
2025-05-16T15:00+00:00,481.1975,9840.08625,3797.03125,61.4
2025-05-16T16:00+00:00,478.09,9024.6375,3902.2575,88.51
2025-05-16T17:00+00:00,477.7975,9232.175,3831.1125,101.52
2025-05-16T18:00+00:00,477.6975,8776.52125,3596.69375,153.45
2025-05-16T19:00+00:00,478.1225,8484.745,3326.215,149.05
2025-05-16T20:00+00:00,478.6425,8229.12125,3235.01375,117.9
2025-05-16T21:00+00:00,478.6275,6879.64625,3357.75875,104.55
2025-05-16T22:00+00:00,478.79,4850.27375,3335.05875,92.5
2025-05-16T23:00+00:00,478.93,4618.18,3099.47,94.94
2025-05-17T00:00+00:00,478.96,4291.315,2708.845,92.17
2025-05-17T01:00+00:00,479.0275,4218.54125,2331.45875,90
2025-05-17T02:00+00:00,479.1,4112.28375,2288.59625,89.9
2025-05-17T03:00+00:00,479.14,3822.36375,2292.10625,90
2025-05-17T04:00+00:00,479.2625,4136.26125,2364.73625,91.56
2025-05-17T05:00+00:00,479.095,5189.87125,2213.44375,91.67
2025-05-17T06:00+00:00,479.0475,7538.90125,2230.92125,55.69
2025-05-17T07:00+00:00,478.905,10030.375,2118.2875,0.73
2025-05-17T08:00+00:00,478.9475,11372.8925,2026.44,-0.06
2025-05-17T09:00+00:00,478.8625,12370.99,1712.59,-4.26
2025-05-17T10:00+00:00,479.335,12802.385,1534.415,-4.9
2025-05-17T11:00+00:00,478.8125,13091.0875,1507.315,-10.02
2025-05-17T12:00+00:00,478.5225,13139.2275,1658.28,-11.26
2025-05-17T13:00+00:00,478.89,12010.12,1642.5225,-5.79
2025-05-17T14:00+00:00,478.58,11423.2675,1943.405,-1.09
2025-05-17T15:00+00:00,478.705,10874.585,2820.665,4.5
2025-05-17T16:00+00:00,479.005,8769.53875,2495.90875,68.32
2025-05-17T17:00+00:00,479.085,8308.10875,2216.91875,98.32
2025-05-17T18:00+00:00,479.0475,8031.73375,1923.49375,113.96
2025-05-17T19:00+00:00,478.96,7577.14375,2142.15625,137.63
2025-05-17T20:00+00:00,478.93,7601.5875,2436.815,132
2025-05-17T21:00+00:00,478.97,6509.48375,2424.42125,101.38
2025-05-17T22:00+00:00,479.1125,5265.3375,2290.7775,106.73
2025-05-17T23:00+00:00,478.99,5001.58125,2008.50125,101.49
2025-05-18T00:00+00:00,478.995,5016.17625,1849.85625,98.57
2025-05-18T01:00+00:00,478.98,4736.69,1654.42,97.4
2025-05-18T02:00+00:00,479.0375,4532.33375,1536.63125,98.41
2025-05-18T03:00+00:00,479.0875,4188.12625,1482.30375,97.8
2025-05-18T04:00+00:00,479.8125,3831.69875,1363.53875,91.95
2025-05-18T05:00+00:00,480.0975,4225.13125,1114.19875,87.48
2025-05-18T06:00+00:00,479.99,5521.38875,989.77375,85.56
2025-05-18T07:00+00:00,480.055,7089.14125,945.66125,16.02
2025-05-18T08:00+00:00,479.73,8948.60625,1050.61625,0.02
2025-05-18T09:00+00:00,479.3125,9868.69625,999.14875,-0.2
2025-05-18T10:00+00:00,479.2925,9787.77375,910.57625,-2
2025-05-18T11:00+00:00,479.275,9780.1725,808.735,-7.37
2025-05-18T12:00+00:00,479.33,9791.19625,863.59875,-15
2025-05-18T13:00+00:00,479.335,9356.4275,1055.96,-8.97
2025-05-18T14:00+00:00,479.465,8804.375,1744.24,-0.2
2025-05-18T15:00+00:00,479.425,8366.59125,2182.30625,9.63
2025-05-18T16:00+00:00,479.575,8294.36375,2055.36125,85.65
2025-05-18T17:00+00:00,479.47,7878.8925,1864.2575,97.52
2025-05-18T18:00+00:00,479.4125,7439.0475,1644.49,117.79
2025-05-18T19:00+00:00,479.385,7290.14625,1393.23125,128
2025-05-18T20:00+00:00,479.3275,7479.61125,1139.07875,115.4
2025-05-18T21:00+00:00,479.26,7217.325,996.86,100
2025-05-18T22:00+00:00,479.2275,6418.59,839.13,110.48
2025-05-18T23:00+00:00,479.3175,6324.39375,732.47125,99.03
2025-05-19T00:00+00:00,479.2,6253.54875,699.83375,93.37
2025-05-19T01:00+00:00,479.32,6244.8525,725.7325,90.1
2025-05-19T02:00+00:00,479.16,6566.95375,785.24125,90.75
2025-05-19T03:00+00:00,479.1725,6948.7975,859.5125,102.4
2025-05-19T04:00+00:00,479.155,7968.43625,928.03875,128
2025-05-19T05:00+00:00,479.11,9763.16,936.055,137.53
2025-05-19T06:00+00:00,478.915,11944.1575,885.4275,115.74
2025-05-19T07:00+00:00,479.3325,12399.82,910.1225,90.39
2025-05-19T08:00+00:00,479.4575,13236.815,913.4475,64.33
2025-05-19T09:00+00:00,479.38,14937.97375,876.85125,27.57
2025-05-19T10:00+00:00,479.3425,15223.51875,1102.54625,12.77
2025-05-19T11:00+00:00,479.43,15381.67375,1249.19125,5
2025-05-19T12:00+00:00,479.2125,14843.1725,1448.1,8
2025-05-19T13:00+00:00,478.4325,14280.46,1810.3525,25.94
2025-05-19T14:00+00:00,478.42,13811.0775,2533.4675,66.04
2025-05-19T15:00+00:00,478.32,12783.60375,3172.33125,88.99
2025-05-19T16:00+00:00,478.5475,12490.29625,3138.93625,106.16
2025-05-19T17:00+00:00,479.12,12198.985,2955.735,134.88
2025-05-19T18:00+00:00,479.55,11566.92125,2797.78875,193.35
2025-05-19T19:00+00:00,479.1925,11438.445,2662.9675,150
2025-05-19T20:00+00:00,479.3225,10887.96,2337.9075,117.09
2025-05-19T21:00+00:00,479.2,9431.715,2049.1,103.1
2025-05-19T22:00+00:00,479.185,8565.3175,1796.0625,109.03
2025-05-19T23:00+00:00,479.1725,8250.25375,1700.12875,102.12
2025-05-20T00:00+00:00,479.1475,7853.18125,1615.31125,97.41
2025-05-20T01:00+00:00,479.1675,7638.7475,1431.1325,97.1
2025-05-20T02:00+00:00,479.205,7637.07875,1187.62375,96.62
2025-05-20T03:00+00:00,479.2625,8121.46625,1057.46625,107.9
2025-05-20T04:00+00:00,479.3325,8990.435,905.595,139.27
2025-05-20T05:00+00:00,479.465,10881.3475,797.245,126
2025-05-20T06:00+00:00,479.275,11754.83625,762.19125,108.2
2025-05-20T07:00+00:00,481.755,11925.66875,860.20125,90.51
2025-05-20T08:00+00:00,481.2275,13232.26625,1005.08375,57.07
2025-05-20T09:00+00:00,478.28,14653.6925,1013.5975,15.95
2025-05-20T10:00+00:00,478.715,15040.33,1114.8625,0
2025-05-20T11:00+00:00,478.935,15044.01625,1208.07875,-0.29
2025-05-20T12:00+00:00,478.1575,14878.1025,1246.17,-0.52
2025-05-20T13:00+00:00,477.96,14981.53875,1759.70125,6
2025-05-20T14:00+00:00,477.6125,13899.56625,2055.26375,57.52
2025-05-20T15:00+00:00,477.85,13264.3875,2330.325,87.16
2025-05-20T16:00+00:00,477.835,12655.36625,2112.89625,101.19
2025-05-20T17:00+00:00,477.8625,12328.22375,1837.15125,128.48
2025-05-20T18:00+00:00,478.325,10853.96125,1534.87875,171.83
2025-05-20T19:00+00:00,478.695,10343.61,1248.04,137.05
2025-05-20T20:00+00:00,479.03,9471.70625,1119.53125,111.76
2025-05-20T21:00+00:00,479.085,8715.09,1030.9125,98.82
2025-05-20T22:00+00:00,479.0775,8414.2825,926.7675,107.93
2025-05-20T23:00+00:00,479.0325,7699.80125,878.50625,102.33
2025-05-21T00:00+00:00,479.0425,7227.46625,935.09125,97.9
2025-05-21T01:00+00:00,478.91,7159.9375,1086.6675,94.9
2025-05-21T02:00+00:00,478.92,7153.84625,1473.11125,93.7
2025-05-21T03:00+00:00,478.9125,7555.63625,1716.31625,95
2025-05-21T04:00+00:00,478.9325,8238.67625,1852.74375,105.54
2025-05-21T05:00+00:00,478.9275,9846.74125,1689.92375,113
2025-05-21T06:00+00:00,478.9525,10988.5575,1588.56,107.82
2025-05-21T07:00+00:00,478.9325,10713.27375,1582.82375,84.82
2025-05-21T08:00+00:00,478.965,10913.825,1610.3825,42.22
2025-05-21T09:00+00:00,479.0625,11742.65375,1565.76625,0.15
2025-05-21T10:00+00:00,478.895,12087.2975,1768.38,-2
2025-05-21T11:00+00:00,478.7825,12025.23875,2062.38875,-6
2025-05-21T12:00+00:00,478.7525,11645.9275,2142.835,-6.04
2025-05-21T13:00+00:00,478.8075,11312.435,2931.845,-3.4
2025-05-21T14:00+00:00,478.875,11109.84125,3285.35625,0
2025-05-21T15:00+00:00,478.5025,10101.07625,3773.39125,49.08
2025-05-21T16:00+00:00,477.8375,9378.4375,3787.8,86.32
2025-05-21T17:00+00:00,477.4925,9012.92125,3796.91625,100.1
2025-05-21T18:00+00:00,477.725,8471.0525,3610.9325,114.35
2025-05-21T19:00+00:00,478.5175,8281.28625,3097.98375,130
2025-05-21T20:00+00:00,478.835,8466.63875,2739.82125,122.27
2025-05-21T21:00+00:00,478.4075,7937.2025,2692.9475,114.9
2025-05-21T22:00+00:00,478.39,7608.19125,2696.65125,116.7
2025-05-21T23:00+00:00,478.4925,6850.8625,2719.8975,108.15
2025-05-22T00:00+00:00,478.4525,6232.25375,2975.36625,115
2025-05-22T01:00+00:00,478.145,5153.06,3322.9875,99.2
2025-05-22T02:00+00:00,478.1275,4862.81375,3522.29125,83.34
2025-05-22T03:00+00:00,478.4225,5363.25875,3658.32875,90
2025-05-22T04:00+00:00,478.8325,6037.46875,3862.81625,100
2025-05-22T05:00+00:00,478.69,7284.92125,4177.95875,106.01
2025-05-22T06:00+00:00,478.4725,8773.7525,4158.76,98.16
2025-05-22T07:00+00:00,478.4825,9809.2075,3930.5925,54.54
2025-05-22T08:00+00:00,478.495,10850.9875,3944.56,-2
2025-05-22T09:00+00:00,478.4975,11813.13375,3257.98375,-3
2025-05-22T10:00+00:00,478.4875,13235.38,3601.99,-7.01
2025-05-22T11:00+00:00,478.425,13316.60125,3436.07625,-14
2025-05-22T12:00+00:00,478.6225,13463.55375,3403.36625,-17.5
2025-05-22T13:00+00:00,478.7,12852.68125,3536.30625,-10.9
2025-05-22T14:00+00:00,478.5925,11994.1875,3551.5,-2.99
2025-05-22T15:00+00:00,477.9375,10700.6,4164.1325,-0.75
2025-05-22T16:00+00:00,478.16,9761.265,4285.775,45.66
2025-05-22T17:00+00:00,478.1775,9248.78875,4223.50375,97.32
2025-05-22T18:00+00:00,478.2525,8949.26625,3917.86625,115.72
2025-05-22T19:00+00:00,478.2275,8813.87125,3791.65875,127.25
2025-05-22T20:00+00:00,478.2825,8840.30625,3925.13625,124.2
2025-05-22T21:00+00:00,478.2825,8112.91875,3848.94875,108.52
2025-05-22T22:00+00:00,478.385,7284.67,3917.4575,90.15
2025-05-22T23:00+00:00,478.225,6092.84625,4128.30875,93.16
2025-05-23T00:00+00:00,478.1975,5725.54125,4390.68875,87.12
2025-05-23T01:00+00:00,478.1575,5762.665,4603.2325,86.53
2025-05-23T02:00+00:00,478.235,5942.38375,4744.83625,83
2025-05-23T03:00+00:00,478.0975,6084.76375,5097.03875,95.89
2025-05-23T04:00+00:00,478.105,6916.52375,5143.51875,115.49
2025-05-23T05:00+00:00,478.0725,8582.2,5060.2425,120.91
2025-05-23T06:00+00:00,478.1,9834.725,4877.895,103.48
2025-05-23T07:00+00:00,478.2725,10046.4975,4772.0475,76.79
2025-05-23T08:00+00:00,478.2175,11230.23375,4297.86875,61.96
2025-05-23T09:00+00:00,478.1975,11818.79625,3648.21875,47.45
2025-05-23T10:00+00:00,478.2375,12214.42,3268.985,13.03
2025-05-23T11:00+00:00,478.23,11825.02375,2815.79875,-0.01
2025-05-23T12:00+00:00,478.49,11892.24125,3068.17375,-0.86
2025-05-23T13:00+00:00,478.6425,11782.91875,2896.19875,-1.05
2025-05-23T14:00+00:00,478.6075,11006.55375,3622.40875,20.86
2025-05-23T15:00+00:00,478.615,10913.16875,3516.74625,62.86
2025-05-23T16:00+00:00,478.2625,10262.635,2819.495,87.7
2025-05-23T17:00+00:00,478.1375,10316.465,2119.415,107.6
2025-05-23T18:00+00:00,478.1825,8982.32375,1477.74625,119.8
2025-05-23T19:00+00:00,478.2175,8126.11375,1449.85375,131.5
2025-05-23T20:00+00:00,478.25,7827.48,1820.3925,123.43
2025-05-23T21:00+00:00,478.2775,7956.27375,2071.47375,102.87
2025-05-23T22:00+00:00,478.5175,6403.91375,2631.06375,97.6
2025-05-23T23:00+00:00,478.775,5040.14875,3388.81375,94.76
2025-05-24T00:00+00:00,478.6875,4519.72625,4207.41875,88.74
2025-05-24T01:00+00:00,478.7775,4153.5725,4435.3625,82.6
2025-05-24T02:00+00:00,478.5925,4104.36375,4454.89125,76.43
2025-05-24T03:00+00:00,478.5625,4158.5975,4450.1575,71.79
2025-05-24T04:00+00:00,478.5275,4507.62,4318.465,71.7
2025-05-24T05:00+00:00,478.56,5126.34125,4145.21625,69.18
2025-05-24T06:00+00:00,478.5225,5768.32,3895.68,53.45
2025-05-24T07:00+00:00,478.57,6953.9475,3562.645,12.26
2025-05-24T08:00+00:00,478.6375,7421.5575,3253.35,-0.01
2025-05-24T09:00+00:00,478.7225,8048.03875,2914.99375,-0.09
2025-05-24T10:00+00:00,478.8575,7606.4625,3534.965,-0.12
2025-05-24T11:00+00:00,478.9325,6632.80125,3494.39125,-0.16
2025-05-24T12:00+00:00,479.2725,6230.3725,3949.8925,0.23
2025-05-24T13:00+00:00,479.2175,5766.11375,3444.48375,5.97
2025-05-24T14:00+00:00,479.175,5091.1625,3943.0975,20
2025-05-24T15:00+00:00,478.38,4905.2025,4897.015,66
2025-05-24T16:00+00:00,478.0825,5827.905,5147.515,88
2025-05-24T17:00+00:00,478.11,6052.5475,5043.73,106.42
2025-05-24T18:00+00:00,478.125,5600.93375,4952.11625,104.35
2025-05-24T19:00+00:00,478.2975,5116.70875,5119.12375,102.22
2025-05-24T20:00+00:00,478.445,4836.46625,5337.38375,89.09
2025-05-24T21:00+00:00,478.765,4139.635,5724.41,73.22
2025-05-24T22:00+00:00,478.76,3613.125,5896.0075,20.21
2025-05-24T23:00+00:00,478.7925,3618.32625,6071.80875,20.84
2025-05-25T00:00+00:00,478.765,3588.61125,6104.13875,14.1
2025-05-25T01:00+00:00,478.735,3505.34375,6070.35125,8.38
2025-05-25T02:00+00:00,478.695,3594.6825,6064.08,3.9
2025-05-25T03:00+00:00,478.745,3749.26625,6015.89625,2.04
2025-05-25T04:00+00:00,478.855,3972.66125,6211.38375,0.99
2025-05-25T05:00+00:00,478.715,4340.7575,6384.9075,1.03
2025-05-25T06:00+00:00,478.7425,4708.20125,6346.85875,0.03
2025-05-25T07:00+00:00,478.775,5158.1475,5260.965,-0.16
2025-05-25T08:00+00:00,478.82,6866.655,5220.4775,-2
2025-05-25T09:00+00:00,478.8725,8229.67,4047.73,-9.13
2025-05-25T10:00+00:00,478.9525,10302.20875,3317.53875,-17.09
2025-05-25T11:00+00:00,478.965,10438.1575,3335.71,-30
2025-05-25T12:00+00:00,479.1875,9870.395,3367.215,-31.8
2025-05-25T13:00+00:00,479.5625,9108.895,3486.4675,-25.75
2025-05-25T14:00+00:00,479.38,8760.0175,2895.6875,-11.97
2025-05-25T15:00+00:00,479.345,7913.85375,2431.45375,-0.07
2025-05-25T16:00+00:00,479.055,7620.795,1791.1925,9.29
2025-05-25T17:00+00:00,478.2275,7450.13875,1489.10375,82.96
2025-05-25T18:00+00:00,478.27,6875.325,1607.4875,100
2025-05-25T19:00+00:00,478.2875,6320.93,1959.03,115
2025-05-25T20:00+00:00,478.3025,6145.66625,2262.33875,102.23
2025-05-25T21:00+00:00,478.37,5510.7675,2441.3375,92.92
2025-05-25T22:00+00:00,478.5325,4732.215,3013.5175,82.97
2025-05-25T23:00+00:00,478.455,3975.525,3257.5425,74.74
2025-05-26T00:00+00:00,478.445,3879.755,3897.4275,65.1
2025-05-26T01:00+00:00,478.4025,3811.935,4226.9,63.5
2025-05-26T02:00+00:00,478.3975,4253.49125,3858.86125,67.98
2025-05-26T03:00+00:00,478.385,4651.88,3157.5,76
2025-05-26T04:00+00:00,478.285,6270.38875,3204.37125,104.47
2025-05-26T05:00+00:00,478.205,7891.6625,3097.3475,134.18
2025-05-26T06:00+00:00,478.17,9606.8125,3084.015,113.22
2025-05-26T07:00+00:00,478.3075,10494.02,2897.4475,76.59
2025-05-26T08:00+00:00,478.2,11131.81625,2933.40875,2.2
2025-05-26T09:00+00:00,478.235,12009.705,2520.2,-0.81
2025-05-26T10:00+00:00,478.3125,12277.64625,2335.26875,-3
2025-05-26T11:00+00:00,478.31,12751.53125,2939.97125,-3
2025-05-26T12:00+00:00,478.115,13084.1825,3478.1875,-2.14
2025-05-26T13:00+00:00,478.1425,12274.985,3725.4125,-3
2025-05-26T14:00+00:00,478.1825,10855.23875,3961.59375,-2
2025-05-26T15:00+00:00,478.125,9860.76375,5735.84875,15.1
2025-05-26T16:00+00:00,478.2075,9060.01875,5846.38875,86
2025-05-26T17:00+00:00,477.97,8706.10125,6293.77375,106.05
2025-05-26T18:00+00:00,477.965,8154.76,6254.8525,150
2025-05-26T19:00+00:00,477.8525,8150.92875,6133.22375,148.07
2025-05-26T20:00+00:00,477.89,7503.68875,6266.00125,112
2025-05-26T21:00+00:00,478.4025,5730.87375,6344.58375,90.68
2025-05-26T22:00+00:00,478.42,4939.56125,6426.40375,76.77
2025-05-26T23:00+00:00,478.55,4468.51,6511.33,65.69
2025-05-27T00:00+00:00,478.635,4182.27,6628.87,44.9
2025-05-27T01:00+00:00,478.6675,4084.52375,6684.18875,20
2025-05-27T02:00+00:00,478.7525,4113.065,6679.2775,16.4
2025-05-27T03:00+00:00,478.555,4463.9825,6824.215,45.5
2025-05-27T04:00+00:00,478.4975,4932.39625,6774.33375,51.4
2025-05-27T05:00+00:00,478.455,5562.72625,6902.64125,65.23
2025-05-27T06:00+00:00,478.3325,6025.81125,6863.24375,65.77
2025-05-27T07:00+00:00,478.3175,6419.5175,6832.73,50.17
2025-05-27T08:00+00:00,478.385,6665.02875,6176.54625,4.26
2025-05-27T09:00+00:00,478.38,7667.07625,5437.09375,2.94
2025-05-27T10:00+00:00,478.49,8832.54125,5197.08125,0.02
2025-05-27T11:00+00:00,478.6875,9649.5775,4574.515,-0.08
2025-05-27T12:00+00:00,478.6125,10173.9175,4771.2225,-0.19
2025-05-27T13:00+00:00,478.6575,9160.58125,5705.57875,2.19
2025-05-27T14:00+00:00,478.67,8031.8625,5698.615,49.15
2025-05-27T15:00+00:00,478.5875,7148.6925,4814.9275,99.18
2025-05-27T16:00+00:00,478.575,7585.225,4755.625,107.5
2025-05-27T17:00+00:00,478.5375,7469.54375,5192.11125,119.1
2025-05-27T18:00+00:00,478.4775,7558.8475,5966.9675,141.14
2025-05-27T19:00+00:00,478.4425,7828.91625,6022.56625,111.8
2025-05-27T20:00+00:00,478.605,6725.8375,6151.75,100.59
2025-05-27T21:00+00:00,478.5225,6159.5275,6161.2825,82.16
2025-05-27T22:00+00:00,478.5625,5229.6675,6181.5275,70.28
2025-05-27T23:00+00:00,478.655,5356.515,6190.76,61.54
2025-05-28T00:00+00:00,478.6725,5081.78625,6151.22375,60.25
2025-05-28T01:00+00:00,478.6775,5085.75625,6170.44125,53.54
2025-05-28T02:00+00:00,478.665,4932.5175,6165.0875,57.39
2025-05-28T03:00+00:00,478.5575,5248.59125,5923.17625,65.21
2025-05-28T04:00+00:00,478.475,5793.64875,5341.89125,85.97
2025-05-28T05:00+00:00,478.4725,6374.245,4823.3175,102.72
2025-05-28T06:00+00:00,478.315,7283.6375,4324.9575,128
2025-05-28T07:00+00:00,478.2525,8416.57125,3862.42375,100
2025-05-28T08:00+00:00,478.2725,8664.9675,3749.6775,69.78
2025-05-28T09:00+00:00,478.4575,9401.97375,3214.45375,61.23
2025-05-28T10:00+00:00,478.63,10658.77125,2909.33875,56.19
2025-05-28T11:00+00:00,478.6775,11595.065,2186.8275,49.74
2025-05-28T12:00+00:00,478.8325,12187.185,1592.7825,45.71
2025-05-28T13:00+00:00,478.9025,12253.89875,1568.87875,36.73
2025-05-28T14:00+00:00,481.1425,11993.76,1538.885,57.9
2025-05-28T15:00+00:00,482.99,11454.4725,1494.345,74.14
2025-05-28T16:00+00:00,479.81,10684.77,1160.1075,94.99
2025-05-28T17:00+00:00,478.79,9614.01625,881.40625,117.36
2025-05-28T18:00+00:00,478.7425,8975.54125,685.69875,127.56
2025-05-28T19:00+00:00,478.4425,7913.80625,571.20125,166.83
2025-05-28T20:00+00:00,478.21,7560.37125,562.12125,138.86
2025-05-28T21:00+00:00,478.2625,7163.0175,542.935,104.9
2025-05-28T22:00+00:00,478.3175,6950.795,485.3725,112.24
2025-05-28T23:00+00:00,478.44,5831.90125,466.32625,108.8
2025-05-29T00:00+00:00,478.3475,5348.3675,446.5475,102.1
2025-05-29T01:00+00:00,478.42,5672.48,447.19,101.64
2025-05-29T02:00+00:00,478.635,5506.22,616.185,102.51
2025-05-29T03:00+00:00,479.3825,5041.9425,843.22,99.8
2025-05-29T04:00+00:00,479.35,5252.34375,1028.66125,98.18
2025-05-29T05:00+00:00,479.2825,5194.795,1405.3,93.82
2025-05-29T06:00+00:00,479.2525,5124.00125,1865.87375,90.17
2025-05-29T07:00+00:00,479.1875,5276.735,2762.575,73.45
2025-05-29T08:00+00:00,479.275,5757.6275,3077.425,28.13
2025-05-29T09:00+00:00,478.57,6062.83375,3917.83875,2.33
2025-05-29T10:00+00:00,477.995,6545.74375,4710.85125,0
2025-05-29T11:00+00:00,477.71,6907.31,3726.81,-2
2025-05-29T12:00+00:00,477.77,7324.76125,3755.25875,-2
2025-05-29T13:00+00:00,477.8,7524.62875,3636.11125,-2.76
2025-05-29T14:00+00:00,478.19,7627.655,5026.3075,-1.59
2025-05-29T15:00+00:00,478.1475,7264.48375,5667.02125,20
2025-05-29T16:00+00:00,478.33,7112.63875,6476.24375,59.62
2025-05-29T17:00+00:00,478.425,6482.19375,6526.51375,73.51
2025-05-29T18:00+00:00,478.2025,5572.23625,6507.04625,75.2
2025-05-29T19:00+00:00,478.1775,5251.99,6508.5575,73.4
2025-05-29T20:00+00:00,478.22,5324.16375,6457.87625,76.3
2025-05-29T21:00+00:00,478.2,4746.14,6422.1025,57
2025-05-29T22:00+00:00,478.2225,4205.585,6220.0175,44.9
2025-05-29T23:00+00:00,478.2475,4009.2775,5924.61,27.46
2025-05-30T00:00+00:00,478.27,3694.275,5457.1875,33.48
2025-05-30T01:00+00:00,478.385,3432.935,5047.135,33.95
2025-05-30T02:00+00:00,478.7325,3298.7775,4779,37.39
2025-05-30T03:00+00:00,479.4225,3380.66875,4677.00875,55.08
2025-05-30T04:00+00:00,479.43,3844.72625,4519.27875,67.73
2025-05-30T05:00+00:00,479.37,4945.19625,4241.83375,68.38
2025-05-30T06:00+00:00,479.31,6332.02375,4173.54125,53.01
2025-05-30T07:00+00:00,479.22,7293.38375,3476.50875,29.13
2025-05-30T08:00+00:00,478.8725,8977.5975,3070.15,1.83
2025-05-30T09:00+00:00,478.4125,10131.99875,2475.47375,-0.05
2025-05-30T10:00+00:00,478.395,11236.0725,2423.32,-0.71
2025-05-30T11:00+00:00,478.545,12017.58625,2170.27375,-2.82
2025-05-30T12:00+00:00,477.0275,11872.76875,2107.50375,-3.19
2025-05-30T13:00+00:00,476.9925,11871.9675,2798.7725,-1.72
2025-05-30T14:00+00:00,477.0925,10808.10125,2914.24375,-0.03
2025-05-30T15:00+00:00,477.66,9868.58875,2813.25375,7
2025-05-30T16:00+00:00,477.5875,8733.7625,2856.39,70.04
2025-05-30T17:00+00:00,477.5625,8558.91,2190.2575,110
2025-05-30T18:00+00:00,477.5075,8221.33625,1637.89625,135.27
2025-05-30T19:00+00:00,477.5425,7869.82875,1187.20875,150.18
2025-05-30T20:00+00:00,477.9775,7649.245,992.6025,130.19
2025-05-30T21:00+00:00,477.6575,7280.15625,721.55875,108.15
2025-05-30T22:00+00:00,477.6925,7243.81,522.695,107
2025-05-30T23:00+00:00,477.705,6755.45375,433.25375,97.7
2025-05-31T00:00+00:00,477.7325,5880.535,456.8625,94.81
2025-05-31T01:00+00:00,477.7625,5388.1325,506.125,93.63
2025-05-31T02:00+00:00,477.835,5430.885,543.9425,94.13
2025-05-31T03:00+00:00,477.875,5395.79,560.6,92.58
2025-05-31T04:00+00:00,477.88,5697.59375,580.34375,94.79
2025-05-31T05:00+00:00,477.8525,5982.74875,623.09375,85.8
2025-05-31T06:00+00:00,477.9525,6899.27625,639.50625,53.81
2025-05-31T07:00+00:00,477.7175,8904.6075,701.565,1
2025-05-31T08:00+00:00,477.6525,9998.90875,482.85375,-0.02
2025-05-31T09:00+00:00,477.59,10773.89,552.525,-1
2025-05-31T10:00+00:00,477.5575,10542.22875,495.52375,-3.07
2025-05-31T11:00+00:00,477.575,11359.455,422.535,-13.17
2025-05-31T12:00+00:00,477.425,11807.6775,437.555,-7.75
2025-05-31T13:00+00:00,476.715,11895.31125,412.64125,-3
2025-05-31T14:00+00:00,476.7175,10773.54,384.47,-0.05
2025-05-31T15:00+00:00,477.025,9935.21375,540.28125,36.5
2025-05-31T16:00+00:00,476.83,9608.4975,476.7975,88.85
2025-05-31T17:00+00:00,476.795,9424.2975,430.5025,131.41
2025-05-31T18:00+00:00,476.7675,8592.72375,562.80625,192.35
2025-05-31T19:00+00:00,476.7575,8410.6075,813.675,192.37
2025-05-31T20:00+00:00,477.08,8061.59125,1259.34375,135.76
2025-05-31T21:00+00:00,477.185,7284.81875,1396.12875,99.79